<?xml version="1.0" encoding="UTF-8"?>
<project-private xmlns="http://www.netbeans.org/ns/project-private/1">
    <editor-bookmarks xmlns="http://www.netbeans.org/ns/editor-bookmarks/2" lastBookmarkId="0"/>
    <open-files xmlns="http://www.netbeans.org/ns/projectui-open-files/2">
        <group>
            <file>file:/C:/2110010389/hotel/src/Forms/formutama.java</file>
            <file>file:/C:/2110010389/hotel/src/dataTable/dataKamar.java</file>
            <file>file:/C:/2110010389/hotel/src/dataTable/dataPemakaianfasilisa.java</file>
            <file>file:/C:/2110010389/hotel/src/Forms/framePemakaianfasilisa.java</file>
            <file>file:/C:/2110010389/hotel/src/dataTable/dataChekout.java</file>
            <file>file:/C:/2110010389/hotel/src/Forms/frameCheckout.java</file>
            <file>file:/C:/2110010389/hotel/src/Forms/frameCheckin.java</file>
            <file>file:/C:/2110010389/hotel/src/data/Tamu.java</file>
            <file>file:/C:/2110010389/hotel/src/Forms/frameKamar.java</file>
            <file>file:/C:/2110010389/hotel/src/hotel/Hotel.java</file>
            <file>file:/C:/2110010389/hotel/src/data/Admin.java</file>
            <file>file:/C:/2110010389/hotel/src/Forms/frameAdmin.java</file>
            <file>file:/C:/2110010389/hotel/src/dataTable/dataTamu.java</file>
            <file>file:/C:/2110010389/hotel/src/dataTable/dataCheckin.java</file>
            <file>file:/C:/2110010389/hotel/src/dataTable/dataPemesanan.java</file>
            <file>file:/C:/2110010389/hotel/src/Forms/framePemesanan.java</file>
            <file>file:/C:/2110010389/hotel/src/dataTable/dataAdmin.java</file>
            <file>file:/C:/2110010389/hotel/src/Forms/frameTamu.java</file>
        </group>
    </open-files>
</project-private>
